{"Yaesu Northbound":{"p1":{"x":1470.4968261719,"z":-6723.2021484375},"p2":{"x":1445.5129394531,"z":-6739.8095703125}},"C1 Outer":{"p1":{"x":282.35025024414,"z":-5749.0307617188},"p2":{"x":278.06185913086,"z":-5719.3383789063}},"Belt Inner":{"p1":{"x":5859.7045898438,"z":-6203.3803710938},"p2":{"x":5836.5649414063,"z":-6184.2866210938}},"C1 Inner":{"p1":{"x":2295.208984375,"z":-9404.1943359375},"p2":{"x":2266.931640625,"z":-9394.1748046875}},"Belt Outer":{"p1":{"x":1982.4719238281,"z":-3754.8742675781},"p2":{"x":1971.2463378906,"z":-3727.0534667969}}}