{"C1 Inner":{"p1":{"x":2295.208984375,"z":-9404.1943359375},"p2":{"x":2266.931640625,"z":-9394.1748046875}},"Yaesu Southbound":{"p1":{"x":2490.6398925781,"z":-8157.244140625},"p2":{"x":2503.7360839844,"z":-8149.9306640625}},"Yaesu Northbound":{"p1":{"x":1470.4968261719,"z":-6723.2021484375},"p2":{"x":1445.5129394531,"z":-6739.8095703125}},"Bayshore Northbound":{"p1":{"x":-5370.138671875,"z":13638.9140625},"p2":{"x":-5382.8515625,"z":13611.740234375}},"Shinjuku":{"p1":{"x":99.267288208008,"z":-8662.099609375},"p2":{"x":88.43928527832,"z":-8634.12109375}},"Mirai Inner":{"p1":{"x":-6725.9287109375,"z":11027.000976563},"p2":{"x":-6709.7509765625,"z":11052.264648438}},"C1 Outer":{"p1":{"x":282.35025024414,"z":-5749.0307617188},"p2":{"x":278.06185913086,"z":-5719.3383789063}},"Shibuya":{"p1":{"x":-622.63922119141,"z":-7179.9838867188},"p2":{"x":-640.17279052734,"z":-7155.6411132813}},"Bayshore Southbound":{"p1":{"x":2189.2534179688,"z":-2327.822265625},"p2":{"x":2208.9750976563,"z":-2305.2158203125}},"Belt Outer":{"p1":{"x":1982.4719238281,"z":-3754.8742675781},"p2":{"x":1971.2463378906,"z":-3727.0534667969}},"Yokohane Northbound":{"p1":{"x":-6024.1083984375,"z":10736.258789063},"p2":{"x":-6035.4287109375,"z":10708.475585938}},"Mirai Outer":{"p1":{"x":-6685.6279296875,"z":11180.998046875},"p2":{"x":-6658.8125,"z":11167.546875}},"Yokohane Southbound":{"p1":{"x":1034.6047363281,"z":-4991.8408203125},"p2":{"x":1062.3376464844,"z":-4980.400390625}},"Belt Inner":{"p1":{"x":5859.7045898438,"z":-6203.3803710938},"p2":{"x":5836.5649414063,"z":-6184.2866210938}}}