{"Yokohane Southbound":{"p2":{"z":-4980.400390625,"x":1062.3376464844},"p1":{"z":-4991.8408203125,"x":1034.6047363281}},"Belt Outer":{"p2":{"z":-3727.0534667969,"x":1971.2463378906},"p1":{"z":-3754.8742675781,"x":1982.4719238281}},"C1 Outer":{"p2":{"z":-5719.3383789063,"x":278.06185913086},"p1":{"z":-5749.0307617188,"x":282.35025024414}},"Yaesu Northbound":{"p2":{"z":-6739.8095703125,"x":1445.5129394531},"p1":{"z":-6723.2021484375,"x":1470.4968261719}},"C1 Inner":{"p2":{"z":-9394.1748046875,"x":2266.931640625},"p1":{"z":-9404.1943359375,"x":2295.208984375}},"Bayshore Northbound":{"p2":{"z":13611.740234375,"x":-5382.8515625},"p1":{"z":13638.9140625,"x":-5370.138671875}},"Bayshore Southbound":{"p2":{"z":-2305.2158203125,"x":2208.9750976563},"p1":{"z":-2327.822265625,"x":2189.2534179688}},"Belt Inner":{"p2":{"z":-6184.2866210938,"x":5836.5649414063},"p1":{"z":-6203.3803710938,"x":5859.7045898438}}}